,Steaming
0,orang reaktif tes antigen sman batam ajar daring
1,akademisi ipb tips ajar online efektif tarik
2,tips ajar daring senang guru siswa
3,contoh ajar daring senang
4,kemenkominfo ajak orangtua guru paham psikologi anak ajar daring
5,cakram literasi gim ajar pjj
6,hemat kuota internet anak pjj google meet
7,siswa mahasiswa tips sukses ajar daring
8,orangtua siswa harap ptm batas gelar alas
9,guru mari syukur ajar daring
10,bina bangsa school online school pilih ajar
11,tahun ajar daring learning loss
12,wifi gratis siswi sekolah daring kubur
13,ajar surabaya siap daring luring orangtua siswa khawatir hp
14,sekolah kundur utara kepri terap ajar daring
15,edufecta sedia platform ajar daring kampus swasta indonesia
16,tips sukses ajar daring siswa mahasiswa
17,kuliah daring efektif tipsnya
18,perintah kota depok sedia titik wifi gratis rw ajar online
19,anak depresi ajar daring saran kak seto
20,guru dunia tantang ajar pandemi covid
21,wapres dosen gaya konvensional ajar daring
22,wapres guru terap ajar daring
23,ui laku ajar jarak ajar
24,pakar ugm kendala utama ajar daring diy
25,cerita seru siswa slb jabar pjj
26,khofifah khawatir kualitas ajar daring anak alas
27,kunci ajar rumah anak tk
28,gali sisi positif kuliah daring
29,intip anak sd desa miskin jaring internet ajar daring
30,ksp analisis kendala ajar daring hasil
31,gunungkidul sd wonolagi murid ajar daring pandemi
32,kisah sd murid orang laksana ajar daring pandemi
33,peran orangtua damping anak ajar daring
34,tingkat efektivitas ajar rumah kelas pintar saji sekolah virtual
35,libat anak kerja rumah tangga manfaat
36,pandemi orangtua peran didik karakter anak
37,takar peluang ajar daring efektif masuk era new normal didik
38,kemendikbud siap latih ajar daring dosen
39,pandu ajar covid nilai sentuh kualitas ajar
40,ajar daring biaya tantang didik pascapandemi
41,kisah izzan ajar daring guru pesantren sosok
42,guru pedoman laksana ajar rumah covid
43,dirjen gtk melek teknologi hikmah covid
44,strategi ajar rumah internet ajar
45,kemdikbud guru imbau beban anak paud orangtua tugas
46,codar ajar daring ambyar corona
47,akademisi ub wfh muncul tekan sosial salah satu stres
48,covid momentum tingkat mampu ajar daring
49,akademisi ub profesi guru ganti teknologi covid
50,kuat kompetensi guru eduversal gelar webinar ajar daring didik
51,hardiknas itb luncur lms edunex dukung kuliah daring
52,ajar rumah optimal tips siswa
53,perintah gratis internet ajar daring
54,perintah tetap kurikulum ajar jarak
55,kpai terima adu ajar jarak mayoritas keluh berat tugas guru
56,cerita guru sekolah cikal terap ajar daring penuh antusias
57,anak stres ajar rumah tips sekolah lawan corona
58,kantor perintah wfh sekolah daring ktt asean
59,wali kota eri ajar kerja surabaya wfh puncak harlah abad nu
60,sekolah kuta kuta selatan ajar daring g
61,kantor kuta denpasar selatan terap wfh ktt g
62,polemik atur siswa pekanbaru ptm vaksin
63,hp siswi mts cianjur putus sekolah ikut pjj
64,siswa sman tuban positif covid proses ajar daring
65,guru positif covid ptm sdn kebonsari kota pasuruan henti
66,siswa positif covid smk swasta kota blitar ajar daring pekan
67,siswa sman bawang banjarnegara reaktif corona ptm setop
68,siswa sd lamongan paksa ajar daring kelas rendam banjir
69,sekolah man kota pasuruan bakar siswa ajar daring
70,sidak ptm bupati cianjur temu siswa kelas sd baca
71,provinsi akses internet tinggi rendah ajar online
72,unicef siswa bagi smartphone ajar daring
73,siswa ri sulit sekolah daring unicef rilis rekomendasi ajar
74,orang tua siswa harap ptm lanjut ajar daring kendala
75,warung kopi bukit sedia wifi gratis ajar
76,imbas pjj kadisdik kuningan siswa baca tulis
77,tahun pandemi sd solo pakai ht ajar
78,asyik kuota ajar cair
79,desa cianjur blank spot siswa sulit sekolah daring
80,ajar ajar ajar daring
81,bantu kuota internet ajar online setop pemprov jatim surati mendikbud
82,mahasiswa uny gagas rawan bantu siswa sulit ajar
83,aliansi ajar surabaya tolak ajar daring
84,surabaya tunda ajar tatap muka ajar daring inovatif
85,ajar lebak putus sekolah gegara kuat ajar daring
86,manfaat luang ajar bandung ubah kayu bekas rajin
87,bri tips ajar ajar daring senang
88,rumah pintar solusi ajar anak anak desa sulit sinyal internet
89,mahasiswa uk tra bikin aplikasi atur durasi anak nge game daring
90,sekolah tatap muka mata siswa senang malas bangun pagi
91,guru sd smp surabaya gelar ajar daring sekolah
92,internet gratis siswa ajar daring
93,ajar serba batas
94,bantu siswa ajar daring usaha muda bikin konten batik
95,yayasan kemala bhayangkari salur laptop siswa ajar daring
96,kemdikbud tvri somasi tayang film izin
97,pks dki sorot raperda corona muat proses ajar pandemi
98,ajar tata surya mudah aplikasi dimensi
99,komunikasi efektif anak pandemi covid
100,angka nikah kali lipat ponorogo gegara ajar daring
101,polda papua datang pulau kosong ajar siswa ajar daring
102,pasang wifi gratis pemkab malang pasti sedia sinyal
103,ajar tips ajar efektif fokus rumah
104,gegara logo pdip sbo tv setop live ajar daring
105,sila pancasila logo pdip ajar daring dispendik maaf
106,ratus ribu kartu perdana ajar daring distribusi jatim
107,siswa guru surabaya kuota internet gratis input no hp
108,pemprov jabar bagi juta kartu kuota gb gratis ajar
109,mobil internet gerak solusi ajar daring siswa pelosok
110,susah sinyal ajar polman tempuh kamu bukit ajar online
111,nadiem makarim bicara risiko seram ajar jarak
112,emak emak demo dinas didik jombang tuntut ajar tatap muka
113,kuota internet gratis juta siswa sama smk jatim september
114,gubernur sumsel kumpul provider atas sinyal ajar daring
115,markas tni polman serbu anak anak ajar daring
116,asyek siswa smpn kota blitar bantu kuota internet
117,dukung siswa ajar online pemkab aceh tamiang pasang wifi gratis masjid
118,tni lamongan sedia wifi gratis dukung ajar daring
119,gegara didik daring mpr juta siswa aman
120,asyik wi fi gratis ini anak sekolah cipete
121,fx rudy smartphone gratis siswa miskin solo
122,siswi sd bawa nasi jagung ganjar curhat pr
123,mako brimob ambon sedia wifi gratis ajar pandemi
124,kisah siswa sd rela pungut cengkeh kuota internet
125,iklan pornografi viral gegara nyelip situs ajar daring
126,asynchronous model ajar daring kenal lebih kurang
127,tangis curi ponsel ajar daring anak pecah putus bebas
128,cerita miris guru ntt rela panggul siswa sinyal ajar online
129,studi anak aku jarang ajar pandemi covid
130,jenuh ajar rumah siswa man gorontalo antusias vaksinasi covid
131,universitas indonesia luncur platform ajar online makara ui academy
132,guru melek teknologi workshop virtual buat media ajar daring
133,ajar daring siswa dalam ende paksa masuk hutan sinyal
134,ajar daring danny harap siswa siswi makassar semangat
135,puluh ajar kelas disdik sumsel jadi covid kambing hitam
136,viral guru tulis materi ajar lantai aksi bikin salut
137,kemendikbudristek siswa maksimal ajar daring
138,sos children s villages bantu ajar jarak komputer internet
139,siswa siswa halmahera uji pohon kelapa
140,titik sinyal pemkab lebak siap ajar tatap muka
141,dampak covid siswa sama gorontalo gaul bebas meni
142,ajar daring tantang pandemi solusi
143,simak tips jaga aman digital anak jajah dunia maya
144,catat lindung mata anak ajar daring
145,jenuh ajar daring siswa sd garut hijrah amen boneka
146,siswa kota madiun betah ajar rumah
147,zona merah covid ajar daring palembang panjang
148,tips bikin suasana ajar online senang rumah
149,bosan viral aksi siswa nge rap pakai materi ajar sejarah
150,pakai adat ajar daring guru curi perhati warganet
151,profesional kontra ajar tatap muka demi covid riau
152,terima bantu paket kuota internet kemendikbud tingkat juta
153,anak biasa tulis tangan ajar daring
154,cerita siswa smp nilai kosong semester gawai
155,efektif ajar daring pandemi covid saran kak seto
156,satu siswa ponsel agung paksa uji tatap muka sekolah
157,zona hijau covid siswa sd smp talaud ajar sekolah
158,bantu siswa ajar daring gubernur sulut gelontor miliar rupiah
159,aplikasi gratis merdeka ajar wujud bakti negeri
160,wi fi gratis ditpolairud sulut siswa pesisir pantai kota bitung
161,deret fakta kait ajar online sebab anak sd tinggal dunia
162,guru maaf kait muncul logo pdip ajar daring
163,kuota internet gb rp ribu ajar kota kupang
164,telkomsel penuh butuh jaring internet ajar daring sumsel
165,semangat bocah difabel ntt ajar guru hati mulia
166,ajar daring radio terap mus banyuasin pandemi covid
167,ajar sumsel terima paket internet gratis ajar daring rumah
168,nasib siswa kota bogor bolos ajar daring milik hp
169,gus jazil didik jarak ajar adab sopan santun
170,smrc persen siswa ajar daring
171,kisah nelangsa novi ajar cerdas gunungkidul paksa pinjam ponsel konter
172,pemkab trenggalek kenal metode ajar baur covid
173,kurang beban siswa sama sidoarjo bagi kuota internet gratis
174,smp kota kupang ajar tatap muka sistem
175,siswa ajar daring pakai ht cari sinyal makam
176,bison fasilitas ajar daring gratis siswa undika surabaya
177,kisah milik toko listrik bandung sedia wifi gratis bantu siswa ajar daring
178,ratus rw kota tangerang fasilitas internet gratis ajar daring
179,langkah siswa butuh khusus ntt seok seok ikut ajar daring
180,jaring internet ajar ntt sekolah tatap muka pohon
181,batas paksa siswa bangkal ajar kantor polisi
182,ajar daring ajar manfaat wifi pendopo camat tambaksari surabaya
183,miris ayah garut nekat curi hp anak ajar online
184,beli hp ajar smp dalam siak cari tumpang ajar online
185,juang ajar agam daki bukit sinyal sekolah
186,cek fakta hoaks foto siswi pilih bunuh ponsel ajar daring
187,top surabaya dprd dana bos biaya ajar daring
188,dprd surabaya dana bos biaya ajar daring
189,ajar online bikin gerak orang tua ajar anak gaya hidup aktif
190,warung kopi pitulikur surabaya fasilitas siswa ajar daring siang malam
191,titik jangkau internet ajar daring jabar hambat
192,pemprov dki pasti ajar ajar daring
193,ajar online efektif tips gugus tugas
194,kemendikbud ajar online kurang
195,ajar jabar siswa ajar daring
196,mendikbud guru tentu kualitas ajar daring pandemi covid
197,new normal sekolah lpai modifikasi teknik ajar ajar
198,kisah kiswanto ajar siswa desa transmigrasi jambi modal sinyal pas pas
199,tokoh peduli didik bagi ajar daring seru efektif
