,Slang Word Corection
0,orang reaktif tes antigen sman batam belajar daring
1,akademisi ipb tips pembelajaran online efektif menarik
2,tips pembelajaran daring menyenangkan guru siswa
3,contoh pembelajaran daring menyenangkan
4,kemenkominfo ajak orangtua guru pahami psikologi anak pembelajaran daring
5,cakram literasi gim pembelajaran pjj
6,menghemat kuota internet anak pjj google meet
7,siswa mahasiswa tips sukses belajar daring
8,orangtua siswa berharap ptm terbatas digelar alasannya
9,guru mari bersyukur pembelajaran daring
10,bina bangsa school online school pilihan pembelajaran
11,setahun pembelajaran daring learning loss
12,wifi gratis siswi sekolah daring kuburan
13,pembelajaran surabaya disiapkan daring luring orangtua siswa khawatir hp
14,sekolah kundur utara kepri terapkan pembelajaran daring
15,edufecta sediakan platform pembelajaran daring kampus swasta indonesia
16,tips sukses belajar daring siswa mahasiswa
17,kuliah daring efektif tipsnya
18,pemerintah kota depok sediakan titik wifi gratis rw belajar online
19,anak depresi belajar daring saran kak seto
20,guru sedunia tantangan mengajar pandemi covid
21,wapres dosen gaya konvensional pembelajaran daring
22,wapres perguruan terapkan belajar daring
23,ui berlakukan pembelajaran jarak ajaran
24,pakar ugm kendala utama pembelajaran daring diy
25,cerita seru siswa slb jabar pjj
26,khofifah khawatir kualitas pembelajaran daring anak alasannya
27,kunci pembelajaran rumah anak tk
28,menggali sisi positif kuliah daring
29,mengintip anak sd desa miskin jaringan internet pembelajaran daring
30,ksp analisis kendala pembelajaran daring hasilnya
31,gunungkidul sd wonolagi murid belajar daring pandemi
32,kisah sd murid orang laksanakan pembelajaran daring pandemi
33,peran orangtua dampingi anak pembelajaran daring
34,tingkatkan efektivitas belajar rumah kelas pintar sajikan sekolah virtual
35,libatkan anak pekerjaan rumah tangga manfaatnya
36,pandemi orangtua berperan pendidikan karakter anak
37,menakar peluang pembelajaran daring efektif masuki era new normal pendidikan
38,kemendikbud siapkan pelatihan pembelajaran daring dosen
39,panduan pembelajaran covid dinilai sentuh kualitas belajar
40,pembelajaran daring biaya tantangan pendidikan pascapandemi
41,kisah izzan pembelajaran daring guru pesantren sosok
42,guru pedoman pelaksanaan belajar rumah covid
43,dirjen gtk melek teknologi hikmah covid
44,strategi belajar rumah internet ajaran
45,kemdikbud guru diimbau bebani anak paud orangtua tugas
46,codar pembelajaran daring ambyar corona
47,akademisi ub wfh munculkan tekanan sosial salah satunya stres
48,covid momentum tingkatkan kemampuan pembelajaran daring
49,akademisi ub profesi guru diganti teknologi covid
50,perkuat kompetensi guru eduversal gelar webinar mengajar daring pendidikan
51,hardiknas itb luncurkan lms edunex dukung kuliah daring
52,belajar rumah optimal tips siswa
53,pemerintah gratiskan internet pembelajaran daring
54,pemerintah tetapkan kurikulum pembelajaran jarak
55,kpai terima pengaduan pembelajaran jarak mayoritas keluhkan beratnya tugas guru
56,cerita guru sekolah cikal terapkan pembelajaran daring penuh antusias
57,anak stres belajar rumah tips sekolah lawan corona
58,kantor pemerintahan wfh sekolah daring ktt asean
59,wali kota eri pelajar pekerja surabaya wfh puncak harlah abad nu
60,sekolah kuta kuta selatan belajar daring g
61,perkantoran kuta denpasar selatan terapkan wfh ktt g
62,polemik aturan siswa pekanbaru ptm vaksin
63,hp siswi mts cianjur putus sekolah ikuti pjj
64,siswa sman tuban positif covid proses belajar daring
65,guru positif covid ptm sdn kebonsari kota pasuruan dihentikan
66,siswa positif covid smk swasta kota blitar belajar daring pekan
67,siswa sman bawang banjarnegara reaktif corona ptm disetop
68,siswa sd lamongan terpaksa belajar daring kelas terendam banjir
69,sekolah man kota pasuruan kebakaran siswa belajar daring
70,sidak ptm bupati cianjur temukan siswa kelas sd baca
71,provinsi akses internet tertinggi terendah belajar online
72,unicef siswa berbagi smartphone belajar daring
73,siswa ri sulit sekolah daring unicef rilis rekomendasi belajar
74,orang tua siswa harap ptm dilanjutkan belajar daring kendala
75,warung kopi bukit sediakan wifi gratis pelajar
76,imbas pjj kadisdik kuningan siswa baca tulis
77,setahun pandemi sd solo pakai ht belajar
78,asyik kuota belajar cair
79,desa cianjur blank spot siswa kesulitan sekolah daring
80,ajaran pelajar belajar daring
81,bantuan kuota internet belajar online disetop pemprov jatim surati mendikbud
82,mahasiswa uny gagas relawan bantu siswa kesulitan belajar
83,aliansi pelajar surabaya tolak belajar daring
84,surabaya tunda pembelajaran tatap muka belajar daring inovatif
85,pelajar lebak putus sekolah gegara kuat belajar daring
86,manfaatkan luang pelajar bandung ubah kayu bekas kerajinan
87,bri tips belajar mengajar daring menyenangkan
88,rumah pintar solusi belajar anak anak desa sulit sinyal internet
89,mahasiswa uk petra bikin aplikasi atur durasi anak nge game daring
90,sekolah tatap muka mata siswa senang malas bangun pagi
91,guru sd smp surabaya gelar belajar daring sekolah
92,internet gratis siswa belajar daring
93,belajar serba keterbatasan
94,bantu siswa belajar daring pengusaha muda bikin konten membatik
95,yayasan kemala bhayangkari salurkan laptop siswa belajar daring
96,kemdikbud tvri disomasi tayangkan film izin
97,pks dki soroti raperda corona muat proses belajar pandemi
98,pelajari tata surya mudah aplikasi dimensi
99,berkomunikasi efektif anak pandemi covid
100,angka pernikahan kali lipat ponorogo gegara belajar daring
101,polda papua datangi pulau kosong ajar siswa belajar daring
102,pasang wifi gratis pemkab malang pastikan ketersediaan sinyal
103,pelajar tips belajar efektif fokus rumah
104,gegara logo pdip sbo tv setop live belajar daring
105,sila pancasila logo pdip belajar daring dispendik maaf
106,ratusan ribu kartu perdana belajar daring didistribusikan jatim
107,siswa guru surabaya kuota internet gratis input no hp
108,pemprov jabar bagikan juta kartu kuota gb gratis pelajar
109,mobil internet bergerak solusi belajar daring siswa pelosok
110,susah sinyal pelajar polman tempuh kamu bukit belajar online
111,nadiem makarim bicara risiko menyeramkan pembelajaran jarak
112,emak emak demo dinas pendidikan jombang tuntut belajar tatap muka
113,kuota internet gratis juta siswa sama smk jatim september
114,gubernur sumsel kumpulkan provider atasi sinyal belajar daring
115,markas tni polman diserbu anak anak belajar daring
116,asyek siswa smpn kota blitar bantuan kuota internet
117,dukung siswa belajar online pemkab aceh tamiang pasang wifi gratis masjid
118,tni lamongan sediakan wifi gratis dukung belajar daring
119,gegara pendidikan daring mpr juta siswa aman
120,asyik wi fi gratis ini anak sekolah cipete
121,fx rudy smartphone gratis siswa miskin solo
122,siswi sd bawakan nasi jagung ganjar curhat pr
123,mako brimob ambon sediakan wifi gratis pelajar pandemi
124,kisah siswa sd rela pungut cengkeh kuota internet
125,iklan pornografi viral gegara nyelip situs belajar daring
126,asynchronous model pembelajaran daring kenali kelebihan kekurangannya
127,tangis pencuri ponsel belajar daring anak pecah diputus bebas
128,cerita miris guru ntt rela panggul siswa sinyal belajar online
129,studi anak mengaku jarang belajar pandemi covid
130,jenuh belajar rumah siswa man gorontalo antusias vaksinasi covid
131,universitas indonesia luncurkan platform pembelajaran online makara ui academy
132,guru melek teknologi workshop virtual pembuatan media pembelajaran daring
133,belajar daring siswa pedalaman ende terpaksa masuk hutan sinyal
134,belajar daring danny berharap siswa siswi makassar semangat
135,puluhan pelajar kelas disdik sumsel jadikan covid kambing hitam
136,viral guru tuliskan materi pelajaran lantai aksinya bikin salut
137,kemendikbudristek siswa maksimal belajar daring
138,sos children s villages bantu pembelajaran jarak komputer internet
139,siswa siswa halmahera ujian pohon kelapa
140,titik sinyal pemkab lebak siapkan belajar tatap muka
141,dampak covid siswa sama gorontalo pergaulan bebas menikah
142,belajar daring tantangan pandemi solusi
143,simak tips jaga keamanan digital anak menjelajahi dunia maya
144,catat lindungi mata anak belajar daring
145,jenuh belajar daring siswa sd garut hijrah pengamen boneka
146,siswa kota madiun betah belajar rumah
147,zona merah covid belajar daring palembang diperpanjang
148,tips bikin suasana belajar online menyenangkan rumah
149,bosan viral aksi siswa nge rap pakai materi pelajaran sejarah
150,pakaian adat mengajar daring guru curi perhatian warganet
151,profesional kontra belajar tatap muka pendemi covid riau
152,penerima bantuan paket kuota internet kemendikbud meningkat juta
153,anak dibiasakan menulis tangan belajar daring
154,cerita siswa smp nilainya kosong semester gawai
155,efektif belajar daring pandemi covid saran kak seto
156,satunya siswa ponsel agung terpaksa ujian tatap muka sekolah
157,zona hijau covid siswa sd smp talaud belajar sekolah
158,bantu siswa belajar daring gubernur sulut gelontorkan miliaran rupiah
159,aplikasi gratis merdeka belajar wujud bakti negeri
160,wi fi gratis ditpolairud sulut siswa pesisir pantai kota bitung
161,deretan fakta terkait belajar online sebabkan anak sd meninggal dunia
162,guru maaf terkait muncul logo pdip belajar daring
163,kuota internet gb rp ribu pelajar kota kupang
164,telkomsel penuhi kebutuhan jaringan internet belajar daring sumsel
165,semangat bocah difabel ntt belajar guru berhati mulia
166,belajar daring radio diterapkan musi banyuasin pandemi covid
167,pelajar sumsel terima paket internet gratis belajar daring rumah
168,nasib siswa kota bogor bolos belajar daring miliki hp
169,gus jazil pendidikan jarak mengajarkan adab sopan santun
170,smrc persen siswa pembelajaran daring
171,kisah nelangsa novi pelajar cerdas gunungkidul terpaksa pinjam ponsel konter
172,pemkab trenggalek kenalkan metode belajar bauran covid
173,kurangi beban siswa sama sidoarjo bagikan kuota internet gratis
174,smp kota kupang belajar tatap muka sistemnya
175,siswa belajar daring pakai ht cari sinyal pemakaman
176,bison fasilitas belajar daring gratis siswa undika surabaya
177,kisah pemilik toko listrik bandung sediakan wifi gratis bantu siswa belajar daring
178,ratusan rw kota tangerang difasilitasi internet gratis belajar daring
179,langkah siswa berkebutuhan khusus ntt terseok seok ikuti belajar daring
180,jaringan internet pelajar ntt sekolah tatap muka pohon
181,keterbatasan memaksa siswa bangkalan belajar kantor polisi
182,belajar daring pelajar manfaatkan wifi pendopo kecamatan tambaksari surabaya
183,miris ayah garut nekat curi hp anaknya belajar online
184,beli hp pelajar smp pedalaman siak cari tumpangan belajar online
185,perjuangan pelajar agam mendaki bukit sinyal sekolah
186,cek fakta hoaks foto siswi pilih bunuh ponsel belajar daring
187,top surabaya dprd dana bos biayai belajar daring
188,dprd surabaya dana bos biayai belajar daring
189,belajar online bikin gerak orang tua ajarkan anak gaya hidup aktif
190,warung kopi pitulikur surabaya fasilitasi siswa belajar daring siang malam
191,titik terjangkau internet belajar daring jabar terhambat
192,pemprov dki pastikan pembelajaran ajaran daring
193,belajar online efektif tips gugus tugas
194,kemendikbud belajar online kekurangan
195,ajaran jabar siswa belajar daring
196,mendikbud guru penentu kualitas pembelajaran daring pandemi covid
197,new normal sekolah lpai modifikasi teknik belajar mengajar
198,kisah kiswanto ajari siswa desa transmigrasi jambi bermodal sinyal pas pasan
199,tokoh peduli pendidikan berbagi belajar daring seru efektif
