Steaming,Label
orang reaktif tes antigen sman batam ajar daring,negatif
akademisi ipb tips ajar online efektif tarik,positif
tips ajar daring senang guru siswa,positif
contoh ajar daring senang,positif
kemenkominfo ajak orangtua guru paham psikologi anak ajar daring,positif
cakram literasi gim ajar pjj,positif
hemat kuota internet anak pjj google meet,positif
siswa mahasiswa tips sukses ajar daring,positif
orangtua siswa harap ptm batas gelar alas,positif
guru mari syukur ajar daring,positif
bina bangsa school online school pilih ajar,positif
tahun ajar daring learning loss,negatif
wifi gratis siswi sekolah daring kubur,negatif
ajar surabaya siap daring luring orangtua siswa khawatir hp,positif
sekolah kundur utara kepri terap ajar daring,positif
edufecta sedia platform ajar daring kampus swasta indonesia,positif
tips sukses ajar daring siswa mahasiswa,positif
kuliah daring efektif tipsnya,positif
perintah kota depok sedia titik wifi gratis rw ajar online,positif
anak depresi ajar daring saran kak seto,negatif
guru dunia tantang ajar pandemi covid,negatif
wapres dosen gaya konvensional ajar daring,negatif
wapres guru terap ajar daring,negatif
ui laku ajar jarak ajar,positif
pakar ugm kendala utama ajar daring diy,negatif
cerita seru siswa slb jabar pjj,positif
khofifah khawatir kualitas ajar daring anak alas,negatif
kunci ajar rumah anak tk,positif
gali sisi positif kuliah daring,positif
intip anak sd desa miskin jaring internet ajar daring,negatif
ksp analisis kendala ajar daring hasil,negatif
gunungkidul sd wonolagi murid ajar daring pandemi,positif
kisah sd murid orang laksana ajar daring pandemi,positif
peran orangtua damping anak ajar daring,positif
tingkat efektivitas ajar rumah kelas pintar saji sekolah virtual,positif
libat anak kerja rumah tangga manfaat,positif
pandemi orangtua peran didik karakter anak,positif
takar peluang ajar daring efektif masuk era new normal didik,positif
kemendikbud siap latih ajar daring dosen,positif
pandu ajar covid nilai sentuh kualitas ajar,negatif
ajar daring biaya tantang didik pascapandemi,negatif
kisah izzan ajar daring guru pesantren sosok,negatif
guru pedoman laksana ajar rumah covid,positif
dirjen gtk melek teknologi hikmah covid,positif
strategi ajar rumah internet ajar,positif
kemdikbud guru imbau beban anak paud orangtua tugas,positif
codar ajar daring ambyar corona,negatif
akademisi ub wfh muncul tekan sosial salah satu stres,negatif
covid momentum tingkat mampu ajar daring,positif
akademisi ub profesi guru ganti teknologi covid,negatif
kuat kompetensi guru eduversal gelar webinar ajar daring didik,positif
hardiknas itb luncur lms edunex dukung kuliah daring,positif
ajar rumah optimal tips siswa,positif
perintah gratis internet ajar daring,negatif
perintah tetap kurikulum ajar jarak,negatif
kpai terima adu ajar jarak mayoritas keluh berat tugas guru,negatif
cerita guru sekolah cikal terap ajar daring penuh antusias,positif
anak stres ajar rumah tips sekolah lawan corona,negatif
kantor perintah wfh sekolah daring ktt asean,positif
wali kota eri ajar kerja surabaya wfh puncak harlah abad nu,positif
sekolah kuta kuta selatan ajar daring g,positif
kantor kuta denpasar selatan terap wfh ktt g,positif
polemik atur siswa pekanbaru ptm vaksin,negatif
hp siswi mts cianjur putus sekolah ikut pjj,negatif
siswa sman tuban positif covid proses ajar daring,negatif
guru positif covid ptm sdn kebonsari kota pasuruan henti,negatif
siswa positif covid smk swasta kota blitar ajar daring pekan,positif
siswa sman bawang banjarnegara reaktif corona ptm setop,positif
siswa sd lamongan paksa ajar daring kelas rendam banjir,positif
sekolah man kota pasuruan bakar siswa ajar daring,positif
sidak ptm bupati cianjur temu siswa kelas sd baca,negatif
provinsi akses internet tinggi rendah ajar online,negatif
unicef siswa bagi smartphone ajar daring,negatif
siswa ri sulit sekolah daring unicef rilis rekomendasi ajar,negatif
orang tua siswa harap ptm lanjut ajar daring kendala,negatif
warung kopi bukit sedia wifi gratis ajar,positif
imbas pjj kadisdik kuningan siswa baca tulis,negatif
tahun pandemi sd solo pakai ht ajar,negatif
asyik kuota ajar cair,positif
desa cianjur blank spot siswa sulit sekolah daring,negatif
ajar ajar ajar daring,negatif
bantu kuota internet ajar online setop pemprov jatim surati mendikbud,negatif
mahasiswa uny gagas rawan bantu siswa sulit ajar,positif
aliansi ajar surabaya tolak ajar daring,negatif
surabaya tunda ajar tatap muka ajar daring inovatif,positif
ajar lebak putus sekolah gegara kuat ajar daring,negatif
manfaat luang ajar bandung ubah kayu bekas rajin,positif
bri tips ajar ajar daring senang,positif
rumah pintar solusi ajar anak anak desa sulit sinyal internet,positif
mahasiswa uk tra bikin aplikasi atur durasi anak nge game daring,positif
sekolah tatap muka mata siswa senang malas bangun pagi,negatif
guru sd smp surabaya gelar ajar daring sekolah,positif
internet gratis siswa ajar daring,positif
ajar serba batas,negatif
bantu siswa ajar daring usaha muda bikin konten batik,positif
yayasan kemala bhayangkari salur laptop siswa ajar daring,positif
kemdikbud tvri somasi tayang film izin,negatif
pks dki sorot raperda corona muat proses ajar pandemi,negatif
ajar tata surya mudah aplikasi dimensi,positif
komunikasi efektif anak pandemi covid,positif
angka nikah kali lipat ponorogo gegara ajar daring,negatif
polda papua datang pulau kosong ajar siswa ajar daring,negatif
pasang wifi gratis pemkab malang pasti sedia sinyal,positif
ajar tips ajar efektif fokus rumah,positif
gegara logo pdip sbo tv setop live ajar daring,negatif
sila pancasila logo pdip ajar daring dispendik maaf,negatif
ratus ribu kartu perdana ajar daring distribusi jatim,positif
siswa guru surabaya kuota internet gratis input no hp,positif
pemprov jabar bagi juta kartu kuota gb gratis ajar,positif
mobil internet gerak solusi ajar daring siswa pelosok,positif
susah sinyal ajar polman tempuh kamu bukit ajar online,negatif
nadiem makarim bicara risiko seram ajar jarak,negatif
emak emak demo dinas didik jombang tuntut ajar tatap muka,negatif
kuota internet gratis juta siswa sama smk jatim september,positif
gubernur sumsel kumpul provider atas sinyal ajar daring,negatif
markas tni polman serbu anak anak ajar daring,positif
asyek siswa smpn kota blitar bantu kuota internet,positif
dukung siswa ajar online pemkab aceh tamiang pasang wifi gratis masjid,positif
tni lamongan sedia wifi gratis dukung ajar daring,positif
gegara didik daring mpr juta siswa aman,negatif
asyik wi fi gratis ini anak sekolah cipete,positif
fx rudy smartphone gratis siswa miskin solo,positif
siswi sd bawa nasi jagung ganjar curhat pr,negatif
mako brimob ambon sedia wifi gratis ajar pandemi,positif
kisah siswa sd rela pungut cengkeh kuota internet,negatif
iklan pornografi viral gegara nyelip situs ajar daring,negatif
asynchronous model ajar daring kenal lebih kurang,positif
tangis curi ponsel ajar daring anak pecah putus bebas,negatif
cerita miris guru ntt rela panggul siswa sinyal ajar online,negatif
studi anak aku jarang ajar pandemi covid,negatif
jenuh ajar rumah siswa man gorontalo antusias vaksinasi covid,negatif
universitas indonesia luncur platform ajar online makara ui academy,positif
guru melek teknologi workshop virtual buat media ajar daring,positif
ajar daring siswa dalam ende paksa masuk hutan sinyal,negatif
ajar daring danny harap siswa siswi makassar semangat,positif
puluh ajar kelas disdik sumsel jadi covid kambing hitam,positif
viral guru tulis materi ajar lantai aksi bikin salut,positif
kemendikbudristek siswa maksimal ajar daring,negatif
sos children s villages bantu ajar jarak komputer internet,positif
siswa siswa halmahera uji pohon kelapa,negatif
titik sinyal pemkab lebak siap ajar tatap muka,positif
dampak covid siswa sama gorontalo gaul bebas meni,negatif
ajar daring tantang pandemi solusi,positif
simak tips jaga aman digital anak jajah dunia maya,positif
catat lindung mata anak ajar daring,positif
jenuh ajar daring siswa sd garut hijrah amen boneka,negatif
siswa kota madiun betah ajar rumah,negatif
zona merah covid ajar daring palembang panjang,positif
tips bikin suasana ajar online senang rumah,positif
bosan viral aksi siswa nge rap pakai materi ajar sejarah,positif
pakai adat ajar daring guru curi perhati warganet,positif
profesional kontra ajar tatap muka demi covid riau,positif
terima bantu paket kuota internet kemendikbud tingkat juta,positif
anak biasa tulis tangan ajar daring,positif
cerita siswa smp nilai kosong semester gawai,negatif
efektif ajar daring pandemi covid saran kak seto,positif
satu siswa ponsel agung paksa uji tatap muka sekolah,negatif
zona hijau covid siswa sd smp talaud ajar sekolah,positif
bantu siswa ajar daring gubernur sulut gelontor miliar rupiah,positif
aplikasi gratis merdeka ajar wujud bakti negeri,positif
wi fi gratis ditpolairud sulut siswa pesisir pantai kota bitung,positif
deret fakta kait ajar online sebab anak sd tinggal dunia,negatif
guru maaf kait muncul logo pdip ajar daring,negatif
kuota internet gb rp ribu ajar kota kupang,positif
telkomsel penuh butuh jaring internet ajar daring sumsel,positif
semangat bocah difabel ntt ajar guru hati mulia,positif
ajar daring radio terap mus banyuasin pandemi covid,positif
ajar sumsel terima paket internet gratis ajar daring rumah,positif
nasib siswa kota bogor bolos ajar daring milik hp,negatif
gus jazil didik jarak ajar adab sopan santun,negatif
smrc persen siswa ajar daring,negatif
kisah nelangsa novi ajar cerdas gunungkidul paksa pinjam ponsel konter,negatif
pemkab trenggalek kenal metode ajar baur covid,positif
kurang beban siswa sama sidoarjo bagi kuota internet gratis,positif
smp kota kupang ajar tatap muka sistem,positif
siswa ajar daring pakai ht cari sinyal makam,negatif
bison fasilitas ajar daring gratis siswa undika surabaya,positif
kisah milik toko listrik bandung sedia wifi gratis bantu siswa ajar daring,positif
ratus rw kota tangerang fasilitas internet gratis ajar daring,positif
langkah siswa butuh khusus ntt seok seok ikut ajar daring,positif
jaring internet ajar ntt sekolah tatap muka pohon,negatif
batas paksa siswa bangkal ajar kantor polisi,negatif
ajar daring ajar manfaat wifi pendopo camat tambaksari surabaya,positif
miris ayah garut nekat curi hp anak ajar online,negatif
beli hp ajar smp dalam siak cari tumpang ajar online,negatif
juang ajar agam daki bukit sinyal sekolah,negatif
cek fakta hoaks foto siswi pilih bunuh ponsel ajar daring,negatif
top surabaya dprd dana bos biaya ajar daring,negatif
dprd surabaya dana bos biaya ajar daring,negatif
ajar online bikin gerak orang tua ajar anak gaya hidup aktif,positif
warung kopi pitulikur surabaya fasilitas siswa ajar daring siang malam,positif
titik jangkau internet ajar daring jabar hambat,negatif
pemprov dki pasti ajar ajar daring,positif
ajar online efektif tips gugus tugas,positif
kemendikbud ajar online kurang,negatif
ajar jabar siswa ajar daring,positif
mendikbud guru tentu kualitas ajar daring pandemi covid,positif
new normal sekolah lpai modifikasi teknik ajar ajar,positif
kisah kiswanto ajar siswa desa transmigrasi jambi modal sinyal pas pas,negatif
tokoh peduli didik bagi ajar daring seru efektif,positif
